customer_id,tier,segment,engagement_score,final_price,duration,churn_risk_12m
CUST-00013,Pro,startup,41.70704254258506,89.0,10,0.6578067201916056
CUST-00048,Enterprise,startup,56.47255635178078,179.0,15,0.3987039700228421
CUST-00090,Basic,startup,18.64544727833737,25.5,16,0.70232382554872
CUST-00096,Basic,startup,69.81166918027266,34.0,1,0.692458503148041
CUST-00105,Enterprise,enterprise,59.93599099294805,199.0,11,0.43066190003088967
CUST-00116,Basic,startup,41.2297141570381,29.25,9,0.6341330366621201
CUST-00117,Enterprise,smb,33.24514471488011,143.20000000000002,19,0.3399349589553765
CUST-00141,Pro,enterprise,64.17441540763146,51.75,4,0.4315180891083774
CUST-00146,Pro,smb,39.49395751173965,55.3,8,0.4500112436447896
CUST-00151,Pro,smb,37.949186818892,69.3,1,0.4692233517968615
CUST-00176,Basic,startup,16.851675454910097,24.0,12,0.8378880567251132
CUST-00200,Pro,smb,70.43994865235366,79.0,8,0.5539074701657352
CUST-00225,Basic,startup,42.27188697809393,24.65,4,0.699972973150518
CUST-00244,Pro,startup,74.21254146133988,89.0,8,0.5533398091617733
CUST-00246,Enterprise,startup,21.68907883930426,169.15,6,0.42454518798943885
CUST-00249,Pro,mid_market,54.42129514594832,89.0,5,0.616735929825845
CUST-00250,Pro,smb,34.61791482382062,66.75,8,0.511487077582728
CUST-00275,Enterprise,mid_market,45.48814669343941,179.0,6,0.42890976550211457
CUST-00277,Pro,smb,44.78527291876519,69.0,20,0.6246502786823723
CUST-00310,Basic,smb,70.17536974767894,18.0,2,0.5288061773826656
CUST-00337,Pro,smb,5.545439467318992,84.14999999999999,11,0.6981846606832236
CUST-00352,Pro,mid_market,70.06344335705519,79.2,15,0.45351085712269257
CUST-00370,Pro,startup,77.27753206938621,79.0,21,0.5324087139872178
CUST-00426,Basic,startup,71.672098842168,21.75,9,0.528341138891543
CUST-00429,Basic,startup,7.119782502822155,24.0,10,0.862191779324695
CUST-00440,Basic,smb,39.561317966998125,20.4,6,0.7037248135069545
CUST-00445,Enterprise,startup,16.374500264168756,183.2,14,0.4211103679156626
CUST-00461,Enterprise,smb,22.768366478217025,159.20000000000002,18,0.3806413530452728
CUST-00468,Pro,smb,50.546361347929405,89.0,16,0.6292565366305878
CUST-00472,Pro,mid_market,7.814069000389963,79.2,21,0.6479941568184626
CUST-00490,Pro,startup,85.95687632616603,63.2,15,0.39322871046495333
CUST-00496,Basic,startup,78.42848686547408,20.3,6,0.47094763806028483
CUST-00502,Pro,startup,75.35270314633384,69.0,5,0.5272077341511294
CUST-00523,Pro,smb,28.999638232728454,69.0,6,0.6755693609987201
CUST-00534,Pro,mid_market,74.34373651134636,89.0,2,0.5529248870467582
CUST-00543,Basic,smb,38.76222999369125,23.200000000000003,1,0.6724782711098605
CUST-00549,Basic,smb,32.613720199452736,28.9,2,0.7350479675029536
CUST-00556,Pro,smb,24.10975891401861,71.2,11,0.5861515167160358
CUST-00570,Pro,smb,61.186605666326784,67.14999999999999,1,0.5015826089482465
CUST-00572,Enterprise,mid_market,79.51797715866107,143.20000000000002,7,0.24167175899010063
CUST-00580,Pro,smb,77.21345654579733,69.0,3,0.5214294058919704
CUST-00588,Pro,smb,55.83265329186974,51.75,18,0.43281028088743323
CUST-00614,Pro,startup,51.67576996605996,71.2,1,0.4996654373081495
CUST-00621,Pro,smb,77.5247402547538,71.2,9,0.4240792081017727
CUST-00625,Pro,smb,53.19670034012191,55.3,6,0.41141943141362747
CUST-00626,Enterprise,startup,43.300825897402525,183.2,5,0.3504505420739895
CUST-00630,Basic,smb,58.66285708353619,20.3,3,0.5311247145449358
CUST-00691,Enterprise,enterprise,80.88175313829773,199.0,17,0.37411975327038627
CUST-00710,Basic,startup,18.420665042252736,39.0,2,0.8476515779620462
CUST-00717,Basic,smb,42.70189976935816,21.75,18,0.620665658134024
CUST-00719,Enterprise,mid_market,76.77507575323152,179.0,15,0.34659742903244284
CUST-00724,Pro,smb,78.51923526450267,67.14999999999999,13,0.4500647452405466
CUST-00739,Enterprise,startup,25.96201380085676,143.20000000000002,2,0.3578088792491666
CUST-00749,Pro,smb,88.8318085296017,69.0,8,0.4859495376805041
CUST-00759,Enterprise,mid_market,92.72543253351952,134.25,4,0.19448292849350857
CUST-00781,Enterprise,startup,45.0195284716977,183.2,1,0.3462364071657904
CUST-00793,Pro,startup,28.587350222294504,59.25,2,0.521785773467536
CUST-00826,Basic,startup,76.2668133576747,21.75,2,0.5141060721153599
CUST-00853,Pro,smb,83.28245953968978,79.0,8,0.5137795855397709
CUST-00866,Pro,smb,84.35611689808256,59.25,2,0.36360162205877633
CUST-00869,Enterprise,startup,56.61259446125201,159.20000000000002,8,0.2994152636914874
CUST-00874,Pro,mid_market,78.79696222934655,66.75,6,0.38487112832018544
CUST-00890,Basic,smb,35.932882882486,29.25,18,0.6512453540397044
CUST-00894,Pro,mid_market,78.6097721996721,69.0,4,0.517109557248876
CUST-00900,Basic,startup,96.24827338013614,25.5,14,0.4581470584358548
CUST-00904,Pro,smb,27.414040133479944,84.14999999999999,14,0.6278746352388103
CUST-00941,Enterprise,enterprise,69.67670893013553,179.0,5,0.3845724153095982
CUST-00960,Enterprise,startup,67.47708031096428,159.20000000000002,5,0.2763465548923866
CUST-00980,Basic,startup,5.430145436324476,19.200000000000003,1,0.7717313090904336
CUST-00995,Basic,smb,94.13307731277447,29.0,3,0.6083380389592763
CUST-01003,Basic,startup,59.53205677683443,31.200000000000003,2,0.6147249468813119
CUST-01025,Basic,smb,83.78004086557605,34.0,9,0.6475885144313803
CUST-01039,Pro,startup,27.69751803488469,62.3,24,0.4923523049179618
CUST-01056,Enterprise,mid_market,66.85792957530091,199.0,8,0.390166463149499
CUST-01080,Pro,mid_market,40.2043226871736,58.65,7,0.557411227393569
CUST-01084,Pro,enterprise,33.57607502931894,66.75,9,0.5392202715339443
CUST-01085,Pro,mid_market,63.162451302250766,71.2,10,0.4652737265326631
CUST-01086,Pro,smb,70.4707506479332,63.2,23,0.43584407223652266
CUST-01088,Pro,mid_market,66.6092789976331,69.0,7,0.5546591208626226
CUST-01090,Basic,startup,50.73365333213411,19.200000000000003,3,0.6292207573467856
CUST-01093,Enterprise,mid_market,46.86839305333969,143.20000000000002,9,0.3082653063565871
CUST-01097,Enterprise,mid_market,41.373481681202826,125.3,6,0.25780891334697764
CUST-01099,Basic,startup,69.04485708230705,21.75,15,0.5365462076586718
CUST-01105,Enterprise,mid_market,31.03952185081859,199.0,3,0.4921116962230029
CUST-01117,Enterprise,enterprise,94.0835615131927,183.2,20,0.256197314466022
CUST-01127,Basic,smb,60.308724082424256,28.9,10,0.647012432101828
CUST-01138,Pro,smb,87.08823898556724,51.75,20,0.35006742834457205
CUST-01149,Pro,mid_market,82.09834101918143,66.75,5,0.3762656579785322
CUST-01151,Pro,startup,47.61177815945354,58.65,8,0.5340851878452291
CUST-01167,Enterprise,mid_market,59.1921052115521,159.20000000000002,11,0.29380631084782005
CUST-01197,Pro,smb,70.66479637770226,55.2,15,0.4271878025461806
CUST-01208,Enterprise,mid_market,26.669428948300958,229.0,14,0.5388130274973078
CUST-01212,Pro,smb,44.79304717791263,74.25,23,0.48871040164202095
CUST-01213,Enterprise,enterprise,51.61471102521502,149.25,3,0.29443497260269247
CUST-01216,Enterprise,enterprise,17.45567998230799,183.2,3,0.4402775147083394
CUST-01218,Pro,smb,47.50349632743282,63.2,15,0.5036229514824075
CUST-01232,Pro,smb,29.363191220492563,66.75,13,0.5277469799607724
CUST-01236,Pro,enterprise,62.59425821577403,79.0,12,0.6042099361625483
CUST-01249,Pro,mid_market,60.05480251586378,66.75,11,0.4361171180545329
CUST-01252,Pro,mid_market,46.0110844090784,71.2,16,0.517037553445324
CUST-01261,Pro,mid_market,69.7709415591244,79.0,16,0.5560253679338274
CUST-01264,Pro,smb,92.3729762903243,63.2,8,0.3763823402555736
CUST-01275,Pro,smb,87.15624282038289,51.75,10,0.3499001269843319
CUST-01281,Enterprise,mid_market,67.0316140819586,199.0,11,0.38970637557824883
CUST-01298,Basic,startup,45.644235074142266,16.799999999999997,1,0.5682352440178309
CUST-01305,Enterprise,mid_market,67.3850147148249,152.15,12,0.2956871689551125
CUST-01306,Enterprise,smb,83.76116117237497,134.25,17,0.20863333850290866
CUST-01310,Pro,smb,23.70923884749107,55.3,16,0.4968160726155313
CUST-01312,Pro,startup,40.75728427070791,79.0,2,0.6492774157509036
CUST-01323,Enterprise,startup,65.64814945322777,169.15,5,0.313086854593458
CUST-01327,Pro,startup,57.4282341702524,55.2,14,0.46523012949232867
CUST-01344,Enterprise,mid_market,37.22423879633018,159.20000000000002,8,0.3442185491214973
CUST-01349,Enterprise,smb,17.794685758657337,152.15,1,0.4183864296178864
CUST-01352,Enterprise,mid_market,67.17760942951455,179.0,12,0.37061026469470437
CUST-01355,Enterprise,mid_market,34.31074756978309,171.75,24,0.3341826000834699
CUST-01357,Pro,mid_market,76.03392962736622,58.65,6,0.4484227730385827
CUST-01359,Pro,smb,84.24476688613038,66.75,9,0.3707407891928831
CUST-01374,Pro,startup,75.70979934592461,67.14999999999999,5,0.4582218829378679
CUST-01384,Pro,mid_market,43.637575039700806,79.0,2,0.639973097816424
CUST-01395,Pro,mid_market,46.560758531225325,71.2,6,0.5153410200900427
CUST-01402,Enterprise,mid_market,36.38813519120143,199.0,6,0.47606706700453405
CUST-01412,Pro,mid_market,64.37610210435632,69.0,15,0.5617405193660552
CUST-01416,Basic,startup,98.56019898918623,20.4,17,0.5153766943091377
CUST-01437,Pro,smb,56.34644112231778,55.2,3,0.4684173043071881
CUST-01463,Basic,startup,33.06641754444362,29.0,2,0.7987031954087385
CUST-01491,Enterprise,smb,24.715549502777595,179.0,2,0.4895078129559288
CUST-01495,Pro,enterprise,7.1852734017391855,79.0,2,0.778687160050652
CUST-01516,Enterprise,smb,48.65477831300717,179.0,4,0.42006319937260417
CUST-01527,Basic,startup,18.833481073437515,24.0,10,0.8327156648835788
CUST-01543,Enterprise,mid_market,93.52793296865212,194.65,21,0.27283179293431437
CUST-01565,Enterprise,mid_market,36.084889246034734,152.15,5,0.3696584187008962
CUST-01583,Enterprise,enterprise,9.947677055810232,134.25,2,0.3810184102966858
CUST-01604,Pro,mid_market,50.5806543412491,69.0,1,0.6059390033924505
CUST-01608,Pro,smb,53.12824823473273,51.75,15,0.44049187215301033
CUST-01614,Enterprise,startup,23.869533583951554,152.15,18,0.40177032708739746
CUST-01617,Pro,smb,67.48490895544928,62.3,2,0.3799489807632125
CUST-01637,Pro,enterprise,21.07315204843593,74.25,23,0.5875034349872049
CUST-01638,Enterprise,mid_market,57.23823308621145,169.15,19,0.3325885393299238
CUST-01647,Pro,smb,74.33209638142468,66.75,10,0.39671469883094634
CUST-01649,Pro,smb,84.1018100743287,51.75,4,0.3574705892893224
CUST-01707,Enterprise,enterprise,31.58648036799443,194.65,3,0.4447959697381656
CUST-01709,Enterprise,startup,58.50209250530488,186.75,14,0.2916408083356631
CUST-01735,Pro,mid_market,57.748835918864586,79.0,7,0.5944261459463689
CUST-01738,Pro,startup,37.5036116554305,79.0,6,0.6597740243836479
CUST-01761,Basic,startup,39.7914168683625,19.200000000000003,9,0.6645464663245084
CUST-01764,Enterprise,smb,52.83700797406734,179.0,2,0.4085503291906486
CUST-01773,Enterprise,enterprise,34.06291769653546,169.15,8,0.41211268427938763
CUST-01802,Basic,smb,41.36585498361177,34.0,5,0.7799617626823333
CUST-01805,Basic,smb,77.41168707210535,21.75,13,0.5105832516044129
CUST-01822,Pro,smb,86.98104839092157,58.65,9,0.41749169194576174
CUST-01828,Enterprise,enterprise,32.199087132279764,125.3,12,0.29274097323730375
CUST-01834,Pro,startup,25.187968357601623,55.2,4,0.5643377189295623
CUST-01847,Basic,startup,59.27609157397104,34.0,2,0.7256935983127356
CUST-01860,Basic,smb,12.055165637488797,20.4,11,0.7875461103771711
CUST-01876,Pro,enterprise,40.87235743571899,55.3,2,0.46901814822378274
CUST-01895,Enterprise,mid_market,33.54061059199266,125.3,7,0.2734081668303261
CUST-01903,Basic,startup,80.19715944863461,29.25,4,0.5103048709429114
CUST-01941,Enterprise,mid_market,11.944852973522428,152.15,16,0.43477578133891437
CUST-01962,Pro,smb,92.9654178757351,99.0,12,0.5061123410065174
CUST-01977,Basic,startup,19.82438920266921,24.0,2,0.8301025389558595
CUST-02024,Basic,startup,68.02396225924929,29.0,24,0.6924302463465979
CUST-02025,Pro,smb,30.170780645021324,69.0,3,0.671809007247901
CUST-02037,Pro,startup,36.3902024407859,69.0,6,0.6517758183926845
CUST-02040,Basic,smb,52.31601901379308,20.4,7,0.6629425127363224
CUST-02090,Pro,smb,60.17806723775551,58.65,2,0.4953619383805551
CUST-02118,Pro,smb,48.85293455181871,74.25,6,0.4765489181615198
CUST-02144,Enterprise,startup,12.397286891914296,179.0,3,0.5272731793070822
CUST-02154,Pro,mid_market,8.136733034608545,79.0,9,0.7522967752670862
CUST-02159,Pro,smb,89.60363895260382,55.3,2,0.3195042366899127
CUST-02171,Pro,mid_market,76.42332330805347,79.2,9,0.43526678433844723
CUST-02172,Basic,startup,60.52610519738371,18.0,22,0.5591565124764183
CUST-02175,Pro,startup,34.540018758819926,67.14999999999999,6,0.5852207334575904
CUST-02176,Pro,mid_market,71.02224339824862,51.75,12,0.39116844448677934
CUST-02193,Enterprise,startup,68.3712663164409,194.65,9,0.327940302214358
CUST-02197,Basic,smb,73.46477404423824,24.0,1,0.6692562087299907
CUST-02205,Basic,smb,42.30300358702158,39.0,9,0.7824723738923732
CUST-02209,Pro,startup,60.29001913933878,79.0,2,0.5862634518752203
CUST-02235,Enterprise,smb,28.70912694734636,149.25,12,0.3283127072688302
CUST-02248,Basic,startup,58.23153984387318,19.200000000000003,5,0.6050093133283823
CUST-02255,Enterprise,enterprise,51.15038887776815,143.20000000000002,8,0.3164146895390766
CUST-02289,Pro,smb,72.70529308311323,48.3,3,0.35389116867251735
CUST-02290,Enterprise,startup,46.86267891166763,179.0,6,0.4250562346902834
CUST-02319,Pro,startup,75.31959964948335,51.75,3,0.37987045234010053
CUST-02324,Pro,smb,79.2332340852511,59.25,8,0.37670623516639634
CUST-02326,Pro,mid_market,64.80714179411493,58.65,1,0.48141706239180226
CUST-02351,Enterprise,enterprise,68.20142858808642,125.3,13,0.22309148382993915
CUST-02353,Pro,smb,75.6961908343117,75.64999999999999,8,0.46721849640685953
CUST-02366,Pro,smb,63.69805030797714,74.25,19,0.4334299667796023
CUST-02406,Pro,mid_market,56.06473562844484,63.2,11,0.47777947326813186
CUST-02418,Pro,startup,68.96695625316555,51.75,6,0.3966488431911809
CUST-02433,Basic,startup,19.229797402277708,24.0,4,0.8316726694000737
CUST-02450,Basic,startup,55.6300952865136,24.65,3,0.6571835664273834
CUST-02454,Enterprise,enterprise,73.07358507389986,149.25,3,0.25085829307496443
CUST-02464,Enterprise,mid_market,86.5035780965473,183.2,14,0.25560959641127434
CUST-02472,Basic,startup,37.50962963845782,25.5,4,0.6418010912889058
CUST-02474,Pro,smb,4.53703456121144,74.25,1,0.6153685428382014
CUST-02485,Pro,smb,39.68807570190706,79.0,4,0.6527287919524738
CUST-02486,Enterprise,mid_market,63.89612116731144,179.0,8,0.3790771291644526
CUST-02492,Basic,startup,88.2801799290408,18.0,19,0.47366602177650796
CUST-02505,Pro,mid_market,81.37555060187606,59.25,10,0.3711875005666716
CUST-02516,Pro,smb,52.862116296172914,99.0,17,0.6333854537710939
CUST-02529,Basic,startup,8.843706795548293,23.200000000000003,12,0.7658520138799408
CUST-02533,Pro,smb,90.27353356527412,66.75,1,0.35552149560345114
CUST-02535,Basic,startup,45.21302316475781,29.25,4,0.6212592919038087
CUST-02536,Enterprise,enterprise,40.83118360023828,134.25,8,0.30627694599191413
CUST-02543,Enterprise,mid_market,61.248731362012535,229.0,14,0.4351347828747407
CUST-02560,Basic,smb,57.37831939280543,29.25,11,0.582085702610112
CUST-02587,Pro,smb,25.74521399438871,79.0,2,0.6974441436546086
CUST-02588,Pro,mid_market,63.73617769631304,74.25,6,0.43332213809132225
CUST-02598,Basic,startup,31.119036651973875,39.0,1,0.8141731453390375
CUST-02621,Enterprise,startup,28.48303402603868,179.0,10,0.47820833670533647
CUST-02624,Basic,smb,48.31612984437776,24.0,11,0.748422486373639
CUST-02655,Enterprise,enterprise,70.65047304863262,229.0,14,0.43084499056359016
CUST-02664,Enterprise,mid_market,59.73932530874556,199.0,7,0.409325832571385
CUST-02686,Pro,smb,80.41081005242631,79.0,15,0.5226564606734551
CUST-02692,Basic,startup,55.12382462712514,34.0,2,0.7385657403401871
CUST-02698,Basic,startup,65.91689558053542,39.0,1,0.7105026094632643
CUST-02725,Pro,smb,70.2302985057486,63.2,4,0.4365266476649612
CUST-02749,Basic,startup,69.0939259156624,29.25,4,0.5448535265660556
CUST-02757,Basic,startup,62.5445335340676,18.0,7,0.5527634381781625
CUST-02760,Basic,startup,67.02449281090097,23.8,5,0.5091353086463892
CUST-02793,Pro,smb,26.472869009630468,89.0,11,0.7065272857310403
CUST-02798,Pro,mid_market,53.68700421233934,55.2,6,0.4762997135811007
CUST-02800,Enterprise,smb,21.38237981538041,169.15,2,0.4254026212865145
CUST-02801,Pro,mid_market,37.51150161155909,59.25,12,0.494426977467469
CUST-02812,Pro,startup,29.137303605682305,79.0,9,0.6866343709041035
CUST-02818,Pro,mid_market,90.61414475789684,89.0,17,0.5023167783569004
CUST-02820,Pro,smb,46.00608702872788,55.2,9,0.49942388115935754
CUST-02833,Enterprise,smb,38.14937695598484,134.25,22,0.29484923758217985
CUST-02838,Basic,smb,70.8980312943772,18.0,4,0.5265566153644291
CUST-02851,Basic,startup,18.549530986161635,24.0,7,0.8334611866709694
CUST-02876,Pro,smb,8.601816829843832,58.65,5,0.6590408882997372
CUST-02902,Enterprise,enterprise,82.30483759318481,186.75,10,0.2590322121005538
CUST-02924,Basic,startup,17.269391281860628,27.200000000000003,4,0.7447058846902391
CUST-02925,Enterprise,mid_market,10.655642312730883,179.0,23,0.5327034150650221
CUST-02929,Enterprise,smb,59.00350696408941,139.29999999999998,1,0.2342530387338484
CUST-02933,Pro,smb,25.442104292415102,59.25,17,0.5315693411723161
CUST-02954,Basic,smb,37.652397964732295,24.0,2,0.7803138015957066
CUST-02970,Pro,startup,59.44616281208396,67.14999999999999,5,0.5069020469547627
CUST-02989,Enterprise,mid_market,21.641956362979023,194.65,2,0.45073216853736364
CUST-02998,Enterprise,smb,62.68527958095365,211.65,12,0.35647908666810424
CUST-03004,Pro,mid_market,33.717554597182755,55.2,6,0.5374007125682927
CUST-03005,Pro,mid_market,71.46311893028262,67.14999999999999,2,0.4706999117772349
CUST-03013,Pro,enterprise,63.08409168948796,59.25,10,0.4422727658440009
CUST-03019,Enterprise,mid_market,68.6732159021141,199.0,19,0.38537537994642823
CUST-03040,Enterprise,enterprise,88.15954383918925,186.75,6,0.24780976169463542
CUST-03056,Basic,smb,91.80872290570144,24.0,3,0.6100407403047124
CUST-03060,Enterprise,smb,88.97468721791817,186.75,15,0.2318813444747443
CUST-03064,Pro,smb,65.06792730844336,59.25,11,0.41456090524598166
CUST-03080,Pro,smb,51.28939347099733,79.0,6,0.6152464405856826
CUST-03084,Enterprise,mid_market,40.682546429530525,159.20000000000002,24,0.3358849456012495
CUST-03090,Basic,smb,27.817304625105866,23.200000000000003,2,0.7073775775110456
CUST-03096,Pro,startup,81.427440563643,66.75,17,0.37800390459732636
CUST-03099,Basic,smb,29.04457013749943,29.0,5,0.8099812373427492
CUST-03114,Enterprise,mid_market,41.82653474826831,143.20000000000002,4,0.3197171006583126
CUST-03127,Basic,enterprise,84.67869415719096,25.5,13,0.5166342674536237
CUST-03134,Enterprise,mid_market,26.85761785178305,149.25,23,0.3326825355285121
CUST-03156,Pro,smb,42.30502158947758,79.0,1,0.644278701415034
CUST-03170,Pro,smb,47.38514115290482,55.2,3,0.49523453865043354
CUST-03219,Enterprise,enterprise,59.11165389527331,194.65,8,0.36998626954221703
CUST-03223,Basic,smb,75.13881736219929,33.15,10,0.6040438000958055
CUST-03245,Pro,mid_market,56.31421353582429,99.0,11,0.6222283644820386
CUST-03249,Enterprise,smb,83.51830642090377,125.3,10,0.1860691075008768
CUST-03256,Basic,startup,92.437232643407,25.5,1,0.4693360999649935
CUST-03258,Basic,smb,49.10155243201724,29.0,8,0.7515016778575372
CUST-03277,Enterprise,mid_market,41.67519686723497,179.0,4,0.43970621671677423
CUST-03286,Pro,smb,55.76712309766423,79.0,9,0.6008042627584029
CUST-03289,Pro,smb,42.23768686787087,67.14999999999999,22,0.5606496185212511
CUST-03303,Pro,smb,77.14414339749439,63.2,9,0.41715014584410415
CUST-03325,Enterprise,enterprise,81.59529473873096,229.0,19,0.4006610922588557
CUST-03326,Pro,startup,30.39133690961293,55.2,2,0.5478567126260314
CUST-03344,Pro,mid_market,76.10081258947345,69.3,5,0.3642871866754911
CUST-03345,Pro,smb,76.09348791044998,67.14999999999999,1,0.4571031826194639
CUST-03353,Basic,mid_market,45.68417912633063,20.4,4,0.6842336600479562
CUST-03366,Pro,smb,71.105242509989,99.0,12,0.5746446828152179
CUST-03370,Enterprise,startup,75.26968471580922,143.20000000000002,17,0.24960848785185485
CUST-03377,Enterprise,enterprise,72.90891158278485,134.25,1,0.2410862018068295
CUST-03379,Basic,startup,56.24784848790677,25.5,13,0.5813907128439497
CUST-03381,Basic,startup,66.35994050606796,34.0,14,0.7034247496657848
CUST-03442,Enterprise,mid_market,19.020951905082136,134.25,4,0.3385229151576896
CUST-03444,Pro,smb,14.964479322402488,79.0,12,0.7313287576359835
CUST-03447,Enterprise,smb,72.70144572227869,199.0,3,0.37488356230135367
CUST-03463,Pro,mid_market,58.55980257983157,79.0,12,0.5918190828763743
CUST-03472,Basic,startup,87.00605354927275,34.0,11,0.6371654655368858
CUST-03490,Pro,startup,22.576269727027302,69.0,23,0.6960955103945189
CUST-03516,Enterprise,startup,38.57439118801996,169.15,17,0.3789868866626761
CUST-03520,Pro,startup,75.30420158708338,89.0,9,0.5498901531985101
CUST-03521,Pro,smb,20.5197868651576,79.0,5,0.713969470206613
CUST-03524,Enterprise,mid_market,70.29644375520648,229.0,7,0.40993361998832634
CUST-03530,Enterprise,mid_market,53.63640190361589,194.65,12,0.36386080607137694
CUST-03536,Pro,smb,29.4978047171929,99.0,10,0.7083225222717023
CUST-03549,Pro,startup,73.18235759752208,63.2,17,0.4281895300375622
CUST-03560,Enterprise,mid_market,81.58051607463646,152.15,17,0.26613379763739486
CUST-03568,Enterprise,smb,22.089673610550644,159.20000000000002,6,0.3824134897850223
CUST-03583,Pro,mid_market,25.972593127779085,89.0,2,0.7081079824003846
CUST-03584,Basic,smb,78.2837225201809,31.200000000000003,20,0.554658678690336
CUST-03593,Pro,startup,42.55809942768244,55.2,11,0.5099660287273093
CUST-03606,Basic,startup,38.04279545427288,24.65,11,0.7133400042500115
CUST-03609,Pro,startup,52.870877524705776,55.3,1,0.41231314361483984
CUST-03634,Basic,smb,36.26382626459582,24.0,5,0.7843630077853299
CUST-03648,Enterprise,smb,46.678594891343145,149.25,9,0.2881149410085011
CUST-03649,Pro,mid_market,64.25182921276615,79.0,9,0.5735814086128517
CUST-03650,Basic,smb,61.08155343240844,27.3,24,0.5314258861776184
CUST-03670,Pro,smb,64.03986404046222,89.0,3,0.5857607872791484
CUST-03694,Enterprise,smb,66.82485561906086,159.20000000000002,10,0.2776904802859894
CUST-03710,Basic,startup,39.21628471966612,27.200000000000003,2,0.6756348112899957
CUST-03712,Pro,smb,40.139901107937455,79.0,19,0.6512705212778719
CUST-03715,Pro,startup,73.62362981361521,89.0,5,0.5552034593880969
CUST-03720,Pro,startup,75.59785021956343,99.0,9,0.5603359939845465
CUST-03739,Pro,smb,51.32115254649315,84.14999999999999,20,0.5512266315588432
CUST-03776,Basic,mid_market,82.77201407263138,19.200000000000003,20,0.5270310307928263
CUST-03777,Enterprise,enterprise,58.07772091647191,143.20000000000002,11,0.30088548362016687
CUST-03824,Enterprise,mid_market,88.7269274016057,199.0,2,0.3350947355325561
CUST-03825,Basic,startup,25.199645407794986,28.9,22,0.7577075378484551
CUST-03870,Enterprise,smb,50.18016095756192,229.0,22,0.46714522793462165
CUST-03893,Pro,startup,19.51117194019271,63.2,8,0.5916871961772867
CUST-03954,Basic,startup,48.53810611176267,21.75,24,0.6018329467108062
CUST-03993,Basic,startup,84.14771770763795,29.0,14,0.6405968177712869
CUST-04009,Pro,startup,52.57546447244802,55.2,9,0.4796137332538647
CUST-04017,Basic,startup,53.09888077010585,23.200000000000003,9,0.6262214938660982
CUST-04033,Enterprise,enterprise,93.5334888530308,152.15,21,0.2581155201829738
CUST-04038,Enterprise,mid_market,43.81688820028878,159.20000000000002,7,0.3284600566319723
CUST-04064,Pro,mid_market,30.53936623814329,58.65,2,0.5882576571938885
CUST-04072,Enterprise,smb,28.408401038673556,199.0,18,0.5000956208684837
CUST-04083,Enterprise,mid_market,27.458219175448782,169.15,5,0.4086113178880362
CUST-04093,Pro,smb,88.73965422475962,69.0,17,0.486226546521233
CUST-04097,Basic,startup,63.40688755767232,31.200000000000003,9,0.6022261655092727
CUST-04101,Enterprise,mid_market,26.511910410616743,160.29999999999998,3,0.31574817704586666
CUST-04107,Basic,startup,43.4778784434289,24.0,10,0.7630565322535608
CUST-04115,Enterprise,mid_market,11.164286790550335,171.75,10,0.39254162232663703
CUST-04123,Basic,startup,73.1550467964134,23.200000000000003,11,0.5618067171831607
CUST-04129,Enterprise,smb,31.07714033248176,149.25,5,0.3227859251828049
CUST-04133,Basic,mid_market,66.68787824027486,29.0,15,0.6966828145243759
CUST-04139,Enterprise,mid_market,37.792791650598645,159.20000000000002,23,0.3428383272660308
CUST-04145,Enterprise,smb,50.47468808655441,134.25,4,0.2691069685880163
CUST-04151,Enterprise,startup,92.40667264628595,143.20000000000002,16,0.21887479766539952
CUST-04160,Pro,mid_market,59.76035124744931,69.0,18,0.5764517819377506
CUST-04167,Enterprise,mid_market,51.681964191900434,143.20000000000002,23,0.29762676620797557
CUST-04173,Enterprise,enterprise,38.07702540029724,159.20000000000002,20,0.3616166262969609
CUST-04176,Basic,startup,33.718276515873505,18.0,8,0.645343547181346
CUST-04190,Pro,mid_market,53.773675650844886,69.0,24,0.5956548510664779
CUST-04192,Enterprise,mid_market,66.39262652797198,179.0,3,0.37262388061130014
CUST-04245,Basic,startup,73.9472176667944,24.0,23,0.6677046795923307
CUST-04255,Pro,mid_market,62.19765245776499,89.0,20,0.591675439981449
CUST-04256,Basic,startup,88.07639672919696,24.0,13,0.6220929632406389
CUST-04265,Pro,smb,33.57803819219064,69.0,1,0.6608452826222022
CUST-04281,Basic,startup,83.46748468964965,23.8,9,0.4598251165867182
CUST-04294,Enterprise,startup,84.42230643025721,179.0,1,0.3282756969136882
CUST-04305,Basic,startup,79.92594815288146,20.4,22,0.5739701923053693
CUST-04331,Basic,smb,25.66598636750626,20.4,1,0.7470164431540383
CUST-04335,Enterprise,mid_market,39.16797384296817,229.0,2,0.5001561600421897
CUST-04343,Pro,mid_market,40.901844510058375,51.75,6,0.47615155787179697
CUST-04352,Pro,smb,77.28034208474807,59.25,2,0.3817849683504765
CUST-04364,Pro,mid_market,31.009706373782663,99.0,8,0.7035413179007493
CUST-04374,Pro,smb,34.909553632883565,75.64999999999999,6,0.5938421422590971
CUST-04377,Pro,smb,71.6276159227746,59.25,12,0.3967404628459902
CUST-04383,Enterprise,mid_market,38.02484672785605,199.0,15,0.4712092771406218
CUST-04406,Basic,startup,65.76953913270238,24.0,10,0.6938885538443285
CUST-04418,Pro,smb,71.49487352113822,79.0,5,0.55057275457816
CUST-04434,Pro,startup,89.28810933522405,51.75,1,0.3446842478034905
CUST-04442,Enterprise,smb,84.1431229872058,179.0,22,0.3289318297302114
CUST-04456,Basic,startup,7.917612279356781,29.0,7,0.8645781494949838
CUST-04457,Basic,startup,65.74504209839634,33.15,10,0.6343806571461772
CUST-04473,Enterprise,enterprise,71.54100499189852,194.65,15,0.33914132938879804
CUST-04488,Basic,smb,51.1457054279924,27.200000000000003,1,0.6371800479128
CUST-04506,Basic,startup,69.42644846871421,34.0,1,0.6936855371278622
CUST-04510,Enterprise,mid_market,43.55288531266252,149.25,14,0.294819407090695
CUST-04515,Enterprise,enterprise,45.89542743374589,169.15,4,0.38045246296525903
CUST-04526,Basic,startup,94.06824935524584,20.4,7,0.5293049837163954
CUST-04539,Enterprise,enterprise,38.75431979652712,171.75,18,0.3424425849243401
CUST-04554,Pro,mid_market,67.8701965619888,69.3,20,0.3855220631472367
CUST-04564,Enterprise,enterprise,48.2941851613553,134.25,4,0.2899877039095221
CUST-04570,Enterprise,mid_market,19.00612501116113,169.15,1,0.43208064204356245
CUST-04575,Enterprise,mid_market,47.211943377659246,169.15,23,0.3569839111919748
CUST-04584,Enterprise,startup,29.69086877436771,199.0,15,0.4961968227588853
CUST-04595,Basic,startup,40.41432921242895,39.0,4,0.7879545090865485
CUST-04610,Pro,smb,86.59353917418223,59.25,17,0.35797811555663206
CUST-04613,Basic,mid_market,93.55102513415972,23.8,1,0.43086962145260843
CUST-04631,Basic,startup,73.89328790016725,24.0,8,0.6678781504369748
CUST-04635,Enterprise,mid_market,56.01504588876006,183.2,3,0.32014121641850046
CUST-04641,Basic,startup,65.4166410283835,29.25,2,0.5564672385121576
CUST-04643,Pro,enterprise,65.60537642160845,79.0,18,0.5945147972462206
CUST-04648,Basic,startup,84.70080983646555,21.75,4,0.4884003636829346
CUST-04652,Pro,smb,39.34593122041476,55.2,1,0.5198700211477718
CUST-04660,Pro,startup,43.73001327971146,69.0,11,0.6280607847720387
CUST-04672,Enterprise,smb,73.4797093743934,143.20000000000002,8,0.2530164857666578
CUST-04686,Pro,smb,58.787362907789934,89.0,5,0.6026499374681509
CUST-04717,Basic,startup,54.71468890450835,18.0,6,0.5776723922820464
CUST-04753,Pro,smb,39.9164565819836,63.2,11,0.5270201811067531
CUST-04765,Pro,mid_market,12.44380028627368,69.0,18,0.7279965366992367
CUST-04769,Pro,smb,53.863301581328734,55.3,3,0.4095947310321224
CUST-04788,Pro,smb,84.2023921785907,79.0,4,0.5109488691018036
CUST-04792,Pro,startup,21.760924175336,48.3,1,0.49509608764384594
CUST-04797,Basic,startup,45.29319371852648,29.25,18,0.6210002696959647
CUST-04832,Enterprise,smb,46.27753969711147,199.0,20,0.44711015564464773
CUST-04839,Pro,smb,29.603222318337963,69.0,1,0.6736319267487293
CUST-04845,Pro,mid_market,78.17088128934233,89.0,2,0.54086377975535
CUST-04850,Pro,mid_market,47.05967566192511,55.2,3,0.49622181843928914
CUST-04875,Basic,startup,20.87942246656444,23.8,6,0.6560849546605433
CUST-04876,Basic,startup,20.567030274728644,18.0,7,0.6876346870000777
CUST-04881,Enterprise,mid_market,80.2586682145822,149.25,16,0.22353911507829205
CUST-04888,Pro,mid_market,30.32982265355458,89.0,2,0.6942906093469967
CUST-04889,Pro,smb,35.242519648376856,58.65,8,0.573198416607968
CUST-04892,Enterprise,mid_market,40.85364687277546,125.3,7,0.25882123420427006
CUST-04926,Pro,startup,31.332691428087077,69.0,13,0.6680739255375598
CUST-04931,Pro,smb,77.2245835442851,75.64999999999999,9,0.46272483928060937
CUST-04942,Pro,smb,35.7352366886099,51.75,22,0.49164737965319816
CUST-04966,Pro,smb,25.02910268969611,79.0,15,0.6997185595561515
CUST-04982,Pro,smb,78.13384194234035,66.75,3,0.3866152800166248
CUST-04988,Pro,smb,79.28004220642632,75.64999999999999,13,0.4567175597536982
CUST-04990,Basic,mid_market,16.328978996065686,24.65,1,0.7795521214773031
CUST-04991,Pro,smb,35.99141592563308,58.65,2,0.570808441506437
CUST-04995,Basic,smb,62.76656998972437,34.0,3,0.7147649198941496
CUST-05032,Pro,smb,85.02571146409306,58.65,11,0.4229212091793614
CUST-05053,Pro,startup,68.48670865622978,69.0,9,0.5487262117163556
CUST-05059,Basic,startup,51.603663860012006,29.25,2,0.600638852444844
CUST-05063,Enterprise,mid_market,22.062189075593967,152.15,21,0.4066699581335761
CUST-05072,Pro,smb,68.58455316274728,84.14999999999999,7,0.49765699280364084
CUST-05083,Enterprise,enterprise,28.966061992041688,152.15,4,0.4093429661352006
CUST-05088,Pro,smb,60.99076628883642,79.0,17,0.5840161481585219
CUST-05094,Enterprise,mid_market,62.12732780292704,179.0,23,0.38369444600028346
CUST-05096,Enterprise,mid_market,35.11557549668861,159.20000000000002,1,0.34937238023206185
CUST-05116,Basic,startup,49.263001402453206,19.200000000000003,5,0.6339743342982312
CUST-05122,Basic,startup,43.17962158424768,24.65,4,0.6970898736031255
CUST-05139,Basic,startup,26.537722822479623,16.799999999999997,4,0.6296828571849609
CUST-05148,Pro,enterprise,17.29788161043078,51.75,3,0.5737057032447835
CUST-05202,Enterprise,smb,31.111673114390157,229.0,12,0.5249453696447528
CUST-05205,Basic,startup,83.61422532417122,29.0,3,0.6423206728955719
CUST-05206,Pro,smb,71.81842924657676,69.0,1,0.5382474684014598
CUST-05207,Enterprise,startup,69.99864850559848,171.75,5,0.25714917675892734
CUST-05210,Pro,mid_market,44.3041465360252,51.75,5,0.4660809102384448
CUST-05211,Enterprise,enterprise,95.7684546817596,179.0,11,0.32021975156631977
CUST-05220,Pro,smb,53.721772134088255,69.0,11,0.5958218250800538
CUST-05224,Enterprise,smb,31.36491372359538,179.0,6,0.46965235575273434
CUST-05255,Basic,startup,73.69585192496369,23.200000000000003,5,0.560089452126209
CUST-05269,Enterprise,enterprise,20.8933000108964,199.0,4,0.5478727957276048
CUST-05295,Basic,startup,74.34138526484188,34.0,17,0.6779785998068271
CUST-05300,Basic,startup,19.60440229427005,27.200000000000003,12,0.7375285043594031
CUST-05303,Pro,startup,23.305905977152538,89.0,3,0.7165057934245951
CUST-05311,Pro,smb,15.249480113463406,89.0,13,0.7415436927428775
CUST-05333,Pro,smb,7.667239489383279,69.0,8,0.7427594977761757
CUST-05338,Pro,smb,67.3637463007712,66.75,13,0.4156607641825937
CUST-05344,Pro,mid_market,85.03240249415505,62.3,6,0.33612610665946496
CUST-05346,Basic,smb,71.16442874385042,39.0,3,0.6938721119292335
CUST-05349,Basic,smb,73.71468366423868,16.799999999999997,1,0.48123192633714673
CUST-05351,Basic,smb,63.16051850235355,23.200000000000003,17,0.5937667849942168
CUST-05373,Pro,startup,57.221927368890825,63.2,22,0.47433613717440326
CUST-05374,Pro,mid_market,39.65446602161198,79.0,5,0.6528372544699748
CUST-05382,Enterprise,mid_market,52.85291634552946,211.65,10,0.3815723840594869
CUST-05383,Pro,smb,25.97201583185801,58.65,14,0.6029494375421918
CUST-05391,Basic,enterprise,59.58094929852028,23.8,3,0.5569939559118857
CUST-05399,Pro,mid_market,44.5289752804245,69.0,21,0.6254785625697973
CUST-05402,Pro,smb,57.83130752765747,99.0,14,0.6173273989650127
CUST-05403,Pro,startup,22.84616593737706,69.0,4,0.695236956875953
CUST-05419,Pro,mid_market,23.184894924548548,89.0,3,0.7168857047973819
CUST-05421,Pro,startup,76.78989213705837,69.3,14,0.3625464824649075
CUST-05422,Pro,mid_market,87.78053660051216,74.25,1,0.36859145916079805
CUST-05440,Pro,smb,77.73708744019685,71.2,13,0.42348654741487424
CUST-05444,Basic,smb,3.938368121543672,27.200000000000003,7,0.7845454420252043
CUST-05448,Basic,smb,48.99721339229791,39.0,17,0.7626678984413267
CUST-05454,Pro,startup,26.543356050482277,63.2,1,0.5691747198145135
CUST-05493,Basic,mid_market,50.79059779088869,39.0,12,0.7572707901578727
CUST-05499,Pro,mid_market,84.39105229705794,89.0,16,0.5214563816252178
CUST-05519,Basic,startup,81.19634886528725,34.0,4,0.6559275229194699
CUST-05523,Pro,startup,54.47263528331969,58.65,6,0.5127959503904715
CUST-05529,Enterprise,mid_market,37.41555778062578,169.15,24,0.3820072521116764
CUST-05537,Enterprise,enterprise,45.47013257740692,159.20000000000002,17,0.3433398109477399
CUST-05547,Pro,smb,65.33642059019843,79.0,11,0.5701203461183805
CUST-05549,Basic,startup,74.02074101580324,29.25,4,0.5294197919668866
CUST-05563,Basic,startup,68.80165033373964,29.0,1,0.6899508108026444
CUST-05571,Basic,startup,79.80035521830905,34.0,5,0.6604281914666832
CUST-05585,Enterprise,mid_market,38.07683447218344,179.0,2,0.4500356729665297
CUST-05586,Pro,mid_market,81.97476615657054,63.2,17,0.4039275015646824
CUST-05611,Basic,smb,42.90603608895693,24.0,2,0.7647688706532442
CUST-05616,Basic,smb,22.401929579918704,31.200000000000003,17,0.7333240656802877
CUST-05621,Pro,smb,74.06186727736589,67.14999999999999,8,0.4630432076795422
CUST-05622,Basic,startup,61.55262973877981,25.5,8,0.5644563059052712
CUST-05625,Pro,smb,70.57157127157691,79.0,7,0.5534910686957175
CUST-05650,Pro,smb,59.48946290170728,67.14999999999999,17,0.5067694129425018
CUST-05651,Enterprise,enterprise,23.546076713353774,134.25,4,0.34666085626497867
CUST-05664,Pro,smb,13.57249093722868,71.2,7,0.6200968482707668
CUST-05673,Enterprise,mid_market,87.60595553388906,143.20000000000002,11,0.2271437384706928
CUST-05676,Enterprise,mid_market,13.7334911657683,143.20000000000002,3,0.3892718699529192
CUST-05684,Pro,startup,19.1259534196752,79.0,8,0.7183470532242764
CUST-05685,Pro,smb,58.53046270854034,69.0,8,0.5803867227756849
CUST-05733,Pro,smb,70.96785654543073,69.0,1,0.5409162969119458
CUST-05734,Pro,smb,74.26227081472489,79.0,2,0.5418546913066878
CUST-05759,Basic,startup,69.99171438403845,24.0,6,0.6804029799129137
CUST-05776,Enterprise,enterprise,33.57942879899036,139.29999999999998,10,0.30067964015982374
CUST-05795,Basic,smb,65.8393009222585,39.0,6,0.7107472532850514
CUST-05802,Pro,smb,77.03843385652009,74.25,8,0.396683961588275
CUST-05821,Pro,smb,49.535119960766735,55.2,6,0.4887353535674017
CUST-05828,Basic,startup,31.361046707034667,25.5,11,0.6616439792822071
CUST-05838,Pro,mid_market,73.2326624264786,62.3,15,0.3651810079579826
CUST-05841,Enterprise,enterprise,68.84085861906192,159.20000000000002,22,0.2900166353138717
CUST-05846,Basic,startup,49.43171844362379,19.200000000000003,3,0.6334289922548987
CUST-05848,Pro,smb,38.17750529678687,79.0,7,0.6576016112717722
CUST-05852,Enterprise,startup,66.37482255692689,179.0,22,0.37266963705476386
CUST-05892,Basic,startup,45.86385822704357,27.200000000000003,6,0.6542392712277144
CUST-05922,Basic,startup,16.857979473621246,23.200000000000003,1,0.7415590039741355
CUST-05925,Enterprise,smb,46.65424046625116,179.0,5,0.4256392682242016
CUST-05929,Pro,startup,64.51474018150509,59.25,9,0.4160860978330385
CUST-05941,Pro,smb,54.965806368625714,74.25,1,0.45852688418727483
CUST-05943,Enterprise,smb,82.13516829099807,134.25,17,0.21129335609869593
CUST-05956,Basic,smb,50.51189796287333,29.0,1,0.7472039687636765
CUST-05974,Enterprise,smb,70.45058109809518,199.0,15,0.38072222473205375
CUST-05981,Enterprise,mid_market,75.42606454114508,194.65,19,0.31169438465229593
CUST-05990,Pro,smb,38.20977473083489,51.75,6,0.4841959801262693
CUST-06002,Pro,smb,45.07886231873465,74.25,15,0.48784943487107113
CUST-06010,Enterprise,mid_market,25.889988308997115,160.29999999999998,8,0.3171692850847888
CUST-06016,Basic,startup,45.9849328849209,39.0,1,0.7716487734317661
CUST-06034,Pro,startup,49.14244522194424,69.0,3,0.6105781490481081
CUST-06037,Pro,mid_market,22.748390955380135,69.0,6,0.6955480286160427
CUST-06058,Pro,mid_market,95.18844986606253,89.0,20,0.4884461221292413
CUST-06070,Enterprise,mid_market,25.19380302164336,179.0,19,0.4880664583970705
CUST-06081,Pro,mid_market,69.22253659410043,55.2,8,0.4312436901914132
CUST-06110,Basic,startup,26.057552658726102,34.0,1,0.823055109299683
CUST-06113,Pro,startup,45.33573089140203,55.2,5,0.5014659946627762
CUST-06114,Enterprise,enterprise,29.26161925780637,199.0,5,0.5217016913359211
CUST-06124,Basic,startup,88.89741306217628,20.4,8,0.5455058268542003
CUST-06126,Enterprise,mid_market,76.63753346783255,125.3,22,0.19644577951729492
CUST-06128,Pro,smb,43.33338744847018,69.0,3,0.6293427497728836
CUST-06139,Basic,startup,41.82704373974072,39.0,5,0.7838585117908587
CUST-06153,Basic,startup,78.19741576170712,21.75,2,0.5081713655954201
CUST-06177,Enterprise,mid_market,50.32036838929539,179.0,8,0.4154545969737091
CUST-06191,Pro,startup,69.48933469913166,71.2,14,0.4468634517166171
CUST-06195,Pro,mid_market,86.20503019848329,55.3,9,0.3273981131049992
CUST-06203,Basic,startup,37.70622492465207,27.200000000000003,2,0.6804760229112812
CUST-06204,Enterprise,mid_market,90.28067410892648,179.0,12,0.31473094781099586
CUST-06207,Pro,enterprise,54.645296069801134,48.3,8,0.42225166562246363
CUST-06227,Pro,mid_market,75.80336492030014,67.14999999999999,14,0.45794894386454577
CUST-06230,Pro,startup,62.26588402118962,55.2,6,0.4511177877507223
CUST-06242,Basic,startup,38.75924615231197,34.0,7,0.78754551446046
CUST-06244,Basic,mid_market,65.75064590838987,21.75,13,0.5468958548353147
CUST-06261,Enterprise,enterprise,84.12790934365454,149.25,18,0.23056088496039628
CUST-06268,Basic,startup,30.886783884941988,27.200000000000003,2,0.7022122718731246
CUST-06270,Enterprise,mid_market,52.26344260045164,194.65,11,0.36734347313015103
CUST-06275,Enterprise,mid_market,37.23956904994182,199.0,3,0.47353687214449847
CUST-06278,Basic,startup,50.35617166817852,18.0,3,0.5916472291439074
CUST-06279,Enterprise,mid_market,23.4362477901638,199.0,1,0.5153361674821495
CUST-06344,Enterprise,startup,40.74549537093782,159.20000000000002,16,0.33573462760413264
CUST-06350,Basic,startup,74.63706581639333,23.200000000000003,9,0.5571042306581094
CUST-06364,Enterprise,mid_market,41.58783396487296,169.15,7,0.3712080257582626
CUST-06389,Pro,smb,38.18640893138062,55.2,5,0.5234637707923826
CUST-06415,Basic,mid_market,79.50700510884107,23.200000000000003,16,0.5417349768858588
CUST-06420,Pro,startup,65.0316893539853,89.0,9,0.5825810219365459
CUST-06442,Pro,smb,57.61961039534796,79.2,13,0.4903611811806651
CUST-06459,Pro,smb,51.92034189239432,55.2,7,0.48157223719214626
CUST-06461,Basic,startup,5.09587172567136,34.0,18,0.8753392771558589
CUST-06471,Enterprise,enterprise,68.74467647026857,143.20000000000002,11,0.2781351406800705
CUST-06485,Enterprise,startup,77.9244170037071,171.75,21,0.2421453027489021
CUST-06499,Enterprise,smb,30.413609859558115,183.2,5,0.3831975863899947
CUST-06502,Basic,startup,63.438918635204,18.0,2,0.5499375818609884
CUST-06504,Enterprise,mid_market,85.18108164473949,199.0,6,0.34362667101264643
CUST-06507,Pro,smb,71.36259016189018,75.64999999999999,4,0.4800802570591983
CUST-06512,Enterprise,smb,61.28214387964616,160.29999999999998,4,0.24387259945594042
CUST-06536,Enterprise,mid_market,41.83490016298846,179.0,7,0.4392509047861529
CUST-06554,Basic,startup,95.99494320773276,34.0,3,0.6081274343239711
CUST-06567,Basic,smb,16.068478914823455,18.0,7,0.7019501400073307
CUST-06588,Enterprise,mid_market,60.96674670283298,199.0,12,0.40598058590077457
CUST-06591,Pro,mid_market,45.052814896987975,55.2,12,0.5023289452527606
CUST-06597,Pro,smb,4.218673659525141,69.0,15,0.7532830392666393
CUST-06601,Pro,mid_market,79.04633512349737,63.2,20,0.4119118115275877
CUST-06629,Pro,mid_market,50.87348719940948,66.75,14,0.46261511659272636
CUST-06659,Basic,startup,38.79877661610656,24.0,4,0.7769515657814706
CUST-06670,Pro,mid_market,20.23496531511169,74.25,5,0.5649823538753571
CUST-06673,Pro,startup,48.25552461418102,58.65,7,0.5320738238779843
CUST-06696,Pro,smb,69.82202607137154,58.65,6,0.46652848351333875
CUST-06713,Enterprise,mid_market,26.22482791223952,179.0,18,0.4849659901565263
CUST-06740,Pro,smb,72.30005698269633,51.75,12,0.3877861628174395
CUST-06743,Pro,smb,36.30211182944432,79.2,3,0.5564314801425543
CUST-06759,Pro,smb,85.44113847165828,48.3,24,0.32331243895356376
CUST-06762,Pro,smb,5.030760375451378,63.2,21,0.6384126419008807
CUST-06775,Pro,smb,75.70140905086949,79.2,6,0.4373163788962422
CUST-06781,Basic,startup,30.32730746958784,27.200000000000003,2,0.7039846149697473
CUST-06785,Pro,mid_market,66.45197310455107,48.3,2,0.3696358682093017
CUST-06786,Pro,smb,16.606687986193684,89.0,6,0.7373649115326268
CUST-06805,Enterprise,mid_market,15.427744290692816,199.0,2,0.5402633319626947
CUST-06819,Basic,smb,9.306212235718494,25.5,4,0.7316266229806294
CUST-06847,Pro,smb,72.95168322035673,71.2,22,0.4369616770060174
CUST-06882,Pro,smb,34.42549541340522,66.75,5,0.5120788934499915
CUST-06900,Pro,startup,23.8251934365665,69.0,6,0.6921194447242096
CUST-06911,Pro,mid_market,36.46932821803036,89.0,3,0.6746598722441395
CUST-06919,Basic,startup,27.91475962896022,39.0,3,0.8228918197494175
CUST-06922,Pro,smb,77.41312958343043,67.14999999999999,4,0.4532668069513742
CUST-06925,Enterprise,enterprise,56.99751674288607,179.0,16,0.41879110198160685
CUST-06931,Pro,smb,39.56030765695235,67.14999999999999,12,0.569167219517861
CUST-06962,Pro,smb,48.20499584001032,79.0,3,0.6252107451581905
CUST-06975,Basic,startup,31.7433129265955,29.0,3,0.8024411100589897
CUST-06995,Pro,smb,63.74346873019011,71.2,7,0.46356651204558263
CUST-07005,Pro,mid_market,30.22055220604123,66.75,19,0.5250805148814921
CUST-07008,Pro,smb,74.81060257274453,55.3,3,0.35490858308133977
CUST-07010,Pro,smb,69.27102264521874,51.75,1,0.3958349427452227
CUST-07027,Basic,smb,46.77672662570714,16.799999999999997,9,0.5646298467654536
CUST-07048,Basic,smb,79.29810118672778,29.25,12,0.5130698447867867
CUST-07061,Pro,smb,24.711743676381516,66.75,13,0.5422981670051301
CUST-07075,Enterprise,smb,23.73070002788953,186.75,3,0.3737527667459062
CUST-07101,Basic,startup,26.957831230616517,39.0,4,0.8254615026665115
CUST-07102,Pro,startup,51.408361837417296,89.0,24,0.6264704693099015
CUST-07106,Pro,smb,33.80038032915846,69.0,3,0.6601287958927732
CUST-07125,Pro,smb,85.44601683220561,63.2,23,0.39459093121485656
CUST-07132,Pro,smb,42.25474116585311,51.75,4,0.4721339800708564
CUST-07134,Basic,startup,40.42335017926428,23.200000000000003,1,0.6671382462866264
CUST-07136,Pro,smb,39.954680778874966,69.0,4,0.6402631093253048
CUST-07141,Enterprise,smb,52.8445872604964,159.20000000000002,5,0.3077568033575193
CUST-07155,Basic,startup,60.13240778252135,21.75,20,0.564687844495517
CUST-07174,Basic,smb,72.34078476975697,19.200000000000003,1,0.5598285844738025
CUST-07192,Pro,mid_market,53.53321996098182,67.14999999999999,7,0.5251478369556097
CUST-07219,Pro,mid_market,50.586182950357895,69.0,1,0.6059211774186235
CUST-07233,Pro,smb,32.15540424966109,79.0,11,0.6769725105685945
CUST-07234,Pro,mid_market,28.897945403895147,79.0,5,0.6873989749559024
CUST-07241,Basic,startup,51.220950566355775,25.5,1,0.5975327973092908
CUST-07245,Enterprise,mid_market,58.81615754959157,179.0,2,0.3924377685554534
CUST-07250,Basic,mid_market,33.20650010018941,24.65,9,0.728473731491697
CUST-07272,Pro,smb,93.45002196921016,55.3,23,0.3107436111606402
CUST-07293,Basic,startup,43.48290848994787,23.200000000000003,16,0.6572831289675022
CUST-07300,Enterprise,smb,36.37706573849058,149.25,18,0.3106689483726528
CUST-07305,Enterprise,smb,46.77424379773246,194.65,21,0.38149487721090336
CUST-07325,Pro,smb,41.5964543178108,69.0,9,0.6349570155766284
CUST-07340,Basic,startup,80.05745339699455,18.0,2,0.4983765217924436
CUST-07353,Enterprise,enterprise,74.01526659329993,179.0,13,0.3732962372540185
CUST-07364,Pro,enterprise,25.225491386108462,71.2,5,0.6079296374193539
CUST-07368,Basic,startup,64.49300868122849,21.75,6,0.550863922606935
CUST-07408,Basic,startup,49.86319145586725,25.5,13,0.6019049385384347
CUST-07413,Pro,startup,42.00362770223207,69.0,8,0.6336409255229998
CUST-07459,Pro,mid_market,48.429796405626014,55.3,5,0.42461334495244074
CUST-07483,Basic,startup,88.89481201720622,21.75,13,0.4758435649787196
CUST-07493,Basic,startup,44.15357882144707,29.25,8,0.6246826904417472
CUST-07501,Pro,mid_market,68.83577779330162,69.0,9,0.5476252745399952
CUST-07505,Pro,mid_market,68.00725833363325,59.25,22,0.4065148493823214
CUST-07523,Basic,startup,13.863711086975677,21.75,2,0.7131715114624286
CUST-07534,Basic,startup,64.9847213929929,24.0,1,0.6963857819991028
CUST-07588,Pro,smb,55.31215379541207,69.0,20,0.5907089575956486
CUST-07592,Enterprise,mid_market,67.55756547105742,152.15,24,0.29531305348338743
CUST-07594,Enterprise,smb,75.80066264020432,134.25,8,0.22193579157395704
CUST-07597,Pro,startup,32.40948801186562,66.75,20,0.5182962238668518
CUST-07604,Pro,smb,14.99518914914984,67.14999999999999,4,0.6482668240438807
CUST-07624,Basic,startup,56.20472978113371,31.200000000000003,7,0.6254738742861854
CUST-07626,Enterprise,enterprise,53.39332713936143,179.0,10,0.42885052943078095
CUST-07632,Pro,smb,71.9160237861496,79.2,5,0.4481532898544124
CUST-07636,Basic,smb,91.23952799507452,18.0,21,0.4649236981113739
CUST-07651,Basic,startup,71.83070315487076,24.0,8,0.6745059689533951
CUST-07652,Basic,startup,65.58345727015629,29.0,3,0.7001907960433011
CUST-07668,Pro,smb,13.226766568501535,79.0,7,0.7367068409696398
CUST-07688,Enterprise,mid_market,57.14444620258514,229.0,5,0.4468584321247372
CUST-07716,Pro,mid_market,16.81918500076432,58.65,18,0.6325042598280326
CUST-07724,Basic,smb,52.74987583002394,24.65,13,0.6664618843696613
CUST-07735,Pro,smb,12.833020970142035,67.14999999999999,3,0.6552453907735043
CUST-07752,Enterprise,mid_market,81.91738098044537,229.0,16,0.3789328344949886
CUST-07764,Basic,mid_market,33.80168937598859,25.5,9,0.6537747520489088
CUST-07772,Enterprise,mid_market,36.452799337616526,169.15,6,0.38452873758959116
CUST-07788,Basic,startup,34.99607231147439,24.0,1,0.7880369470541262
CUST-07803,Enterprise,startup,68.916684942763,134.25,22,0.23401535499112125
CUST-07807,Pro,smb,22.00272992467423,58.65,6,0.6157547364431901
CUST-07817,Pro,startup,29.647977041139363,51.75,24,0.5101969406473302
CUST-07825,Pro,mid_market,29.164045698387504,48.3,3,0.4728921612253727
CUST-07843,Basic,startup,34.73515115554919,23.200000000000003,2,0.6853841245778747
CUST-07846,Pro,startup,57.65823454354335,55.3,9,0.3993035181586577
CUST-07866,Pro,smb,77.38908590370264,89.0,8,0.5433206295860593
CUST-07868,Pro,startup,39.183999854097046,55.2,4,0.5203713216372294
CUST-07885,Pro,startup,21.35536119667688,89.0,22,0.7226163001970791
CUST-07892,Enterprise,enterprise,30.41376872857317,179.0,19,0.49612067136372195
CUST-07903,Enterprise,mid_market,19.18827260200739,199.0,11,0.5285039307545207
CUST-07930,Enterprise,mid_market,55.40164037978891,171.75,21,0.2867603181843269
CUST-07942,Basic,startup,51.93936803819727,19.200000000000003,11,0.6253238588975033
CUST-07946,Basic,startup,63.83790912363912,20.4,1,0.6257373392605194
CUST-07984,Enterprise,mid_market,38.57388817584789,159.20000000000002,9,0.3409486473110944
CUST-07993,Basic,startup,92.03688692078596,20.3,8,0.4315930364672499
CUST-08006,Basic,startup,74.03219092008318,23.8,23,0.48782784493711673
CUST-08017,Pro,startup,71.14987420826566,79.0,4,0.551662659727109
CUST-08049,Basic,startup,84.62519952036911,20.4,16,0.5590101672573591
CUST-08066,Basic,startup,14.76553180324287,18.0,2,0.7060754103696196
CUST-08067,Basic,startup,58.344023151589056,34.0,4,0.7285958415351061
CUST-08091,Basic,startup,29.805968571677177,24.0,3,0.802837224726919
CUST-08119,Enterprise,enterprise,24.61760075147144,179.0,18,0.5138456020334321
CUST-08146,Enterprise,mid_market,6.52210133677158,179.0,4,0.5456693340059589
CUST-08160,Pro,mid_market,42.177075520934245,58.65,18,0.551168321764613
CUST-08161,Basic,smb,72.85414486056744,27.200000000000003,12,0.5673355669357146
CUST-08168,Enterprise,smb,84.7487197406853,134.25,9,0.20703190135391203
CUST-08182,Enterprise,smb,42.9532413750353,143.20000000000002,17,0.31713053121366896
CUST-08196,Basic,smb,58.32057769358804,27.3,13,0.5400675261351815
CUST-08230,Enterprise,startup,31.853561645166085,179.0,23,0.4682093597272933
CUST-08235,Enterprise,enterprise,39.17086953293937,139.29999999999998,6,0.2885857409988356
CUST-08236,Pro,smb,22.66631795070412,79.0,11,0.7072017511923381
CUST-08238,Pro,mid_market,57.708027687311095,63.2,1,0.472893408132542
CUST-08248,Pro,mid_market,55.34293530043936,66.75,17,0.44960826859023306
CUST-08255,Enterprise,mid_market,50.4645466868736,143.20000000000002,24,0.3002902367882908
CUST-08257,Pro,smb,41.45219524591913,67.14999999999999,2,0.5631450069163311
CUST-08277,Basic,smb,13.275140899994694,34.0,3,0.855975732721847
CUST-08287,Basic,startup,17.91217942611095,29.25,1,0.7089050225223197
CUST-08320,Pro,mid_market,26.548833708963976,59.25,6,0.5281190195892077
CUST-08362,Enterprise,mid_market,15.991396008220368,152.15,15,0.42339869488760506
CUST-08368,Pro,mid_market,69.37606433428327,79.0,1,0.5572765464866539
CUST-08389,Basic,smb,26.87563421781814,31.200000000000003,22,0.7193860273330037
CUST-08393,Pro,mid_market,17.68221405843242,58.65,2,0.6297146926187382
CUST-08403,Pro,smb,43.71033165417583,79.0,2,0.6397379776538066
CUST-08404,Pro,startup,22.108962242265573,89.0,1,0.7202588596819959
CUST-08418,Enterprise,mid_market,46.27020385581855,152.15,15,0.3442578570637689
CUST-08425,Pro,smb,48.884693271448825,69.0,3,0.611409936906651
CUST-08453,Pro,smb,44.64527826379757,51.75,13,0.46507725482388806
CUST-08459,Basic,startup,37.22618910268373,34.0,6,0.7919618966089165
CUST-08479,Pro,startup,48.61755849359236,71.2,2,0.509013073798686
CUST-08494,Enterprise,enterprise,63.08236240792318,152.15,11,0.32304460987825345
CUST-08532,Pro,smb,79.75167895515516,79.0,11,0.5247023704601907
CUST-08543,Basic,startup,79.31345900474,24.65,9,0.5808129034582361
CUST-08549,Pro,smb,80.47163204267184,51.75,10,0.3666164274277681
CUST-08573,Enterprise,mid_market,33.177012780353955,134.25,5,0.3057647605213264
CUST-08579,Basic,startup,65.62385158458419,28.9,5,0.629836375187838
CUST-08595,Pro,mid_market,55.66077307094025,79.2,3,0.49628999337392743
CUST-08605,Pro,smb,24.16975325843808,69.0,2,0.6910211142929094
CUST-08620,Pro,mid_market,28.718380436543452,79.0,1,0.6879724042953148
CUST-08622,Enterprise,mid_market,52.28452668328215,199.0,1,0.43000666263782994
CUST-08631,Pro,smb,64.18948799542999,55.2,22,0.44557176637675
CUST-08634,Pro,startup,41.00963374855048,69.0,9,0.6368537034415546
CUST-08648,Pro,startup,46.79123272339826,89.0,6,0.6413932894622221
CUST-08658,Enterprise,mid_market,33.32261530607368,152.15,6,0.3767646291350323
CUST-08661,Pro,smb,43.67159329932978,51.75,1,0.46794493054532493
CUST-08664,Enterprise,enterprise,56.10129578083727,171.75,1,0.30229424007817707
CUST-08689,Pro,mid_market,58.02735331865158,62.3,3,0.40510303980290086
CUST-08692,Basic,startup,38.3987887889072,31.200000000000003,6,0.6828602290067068
CUST-08703,Enterprise,smb,34.58241418899654,152.15,8,0.3735122798371321
CUST-08706,Pro,mid_market,76.47367482994106,74.25,1,0.39819860460670176
CUST-08730,Basic,smb,46.3683105702166,16.799999999999997,1,0.5659293980308178
CUST-08731,Enterprise,mid_market,76.1159504846185,171.75,21,0.24550336613693624
CUST-08735,Pro,smb,94.58809110398674,71.2,10,0.37809111557719743
CUST-08772,Pro,smb,69.86026556649031,66.75,7,0.40880930184970343
CUST-08800,Basic,startup,63.5524542381284,29.0,10,0.7066234430112189
CUST-08802,Basic,startup,78.05558693147087,20.4,7,0.5799509379151704
CUST-08820,Basic,startup,30.45143379988284,39.0,8,0.8160038995912029
CUST-08822,Pro,mid_market,69.69078567433507,55.3,11,0.36778961962136913
CUST-08841,Pro,smb,67.54030850327052,58.65,1,0.4732735084838222
CUST-08846,Enterprise,mid_market,79.47829698594587,194.65,9,0.3026426359932518
CUST-08848,Enterprise,startup,69.703569559795,152.15,2,0.29069096977274544
CUST-08849,Enterprise,startup,48.94139120828251,149.25,1,0.2833365654944192
CUST-08857,Basic,startup,69.59029348948596,18.0,21,0.5306300470504929
CUST-08870,Basic,startup,58.63782697406639,29.0,15,0.7220771828374015
CUST-08874,Enterprise,startup,23.109194255885097,143.20000000000002,2,0.36498745704477953
CUST-08878,Basic,smb,84.14093891634815,21.75,2,0.49008843446024797
CUST-08881,Pro,startup,74.11525160698001,99.0,8,0.5650477636960572
CUST-08904,Pro,startup,26.293043817385364,59.25,1,0.5289157328871338
CUST-08928,Pro,startup,88.95391427103296,79.0,23,0.4964341339466266
CUST-08932,Basic,mid_market,27.395740869119997,34.0,9,0.8194364842035238
CUST-08945,Pro,mid_market,84.07471690108338,51.75,8,0.35753825195949795
CUST-08956,Basic,mid_market,66.28427608789093,20.4,5,0.6178331431561317
CUST-08957,Pro,startup,85.89930954479176,69.0,1,0.494800654473985
CUST-08964,Basic,smb,15.31173934545876,24.0,7,0.8418566918665844
CUST-08970,Pro,smb,40.4813026902034,71.2,11,0.5342245614320575
CUST-08973,Pro,mid_market,40.07497665472828,74.25,12,0.5030232927923466
CUST-09005,Basic,startup,43.40492076893453,24.0,14,0.7632752104625731
CUST-09023,Pro,smb,57.12491417747716,99.0,4,0.619609130215169
CUST-09032,Pro,smb,91.95386660576484,62.3,8,0.31988410983868765
CUST-09034,Enterprise,startup,48.29531019976542,179.0,1,0.42106188163241276
CUST-09063,Basic,startup,94.64575950966292,29.0,21,0.6066845161648464
CUST-09068,Basic,startup,43.882843546320046,31.200000000000003,5,0.6652558043346366
CUST-09070,Pro,smb,37.9272319930076,51.75,8,0.485044058452606
CUST-09118,Pro,startup,43.53686622827677,71.2,1,0.5247013187368919
CUST-09122,Pro,smb,61.75274162704483,75.64999999999999,13,0.5091943645111493
CUST-09144,Pro,smb,21.82634772684512,79.2,8,0.6027376913217273
CUST-09147,Enterprise,smb,47.95173383593449,134.25,10,0.274224852817621
CUST-09160,Basic,startup,20.787150743820764,27.200000000000003,2,0.7338736913779051
CUST-09162,Enterprise,startup,15.384245492125718,171.75,8,0.3814193615911995
CUST-09173,Pro,smb,14.579597954218382,63.2,2,0.6075660290577876
CUST-09187,Pro,startup,59.5973332208852,51.75,7,0.4222483158064526
CUST-09194,Basic,smb,56.84708052921152,18.0,4,0.5708609994050222
CUST-09208,Enterprise,mid_market,82.17087553120251,149.25,22,0.2202591324603117
CUST-09233,Enterprise,mid_market,65.16955285793864,199.0,1,0.3946574065458608
CUST-09258,Pro,smb,57.82442103960243,69.0,3,0.5826482074866937
CUST-09266,Pro,smb,37.59257190026089,48.3,8,0.44823979440788386
CUST-09267,Enterprise,smb,62.50597046520393,125.3,10,0.21934714265847977
CUST-09295,Enterprise,mid_market,49.683185303195145,199.0,3,0.437366471530652
CUST-09317,Enterprise,enterprise,64.5038031596618,134.25,13,0.25696420961872324
CUST-09343,Pro,smb,20.609047799418214,79.0,3,0.7136886615908891
CUST-09387,Pro,smb,37.02359875130941,75.64999999999999,4,0.5870512421983825
CUST-09405,Basic,startup,14.158679659755242,31.200000000000003,22,0.7585282565756685
CUST-09407,Enterprise,mid_market,54.06404281511254,199.0,5,0.42501411962542257
CUST-09422,Pro,mid_market,58.46303733522045,63.2,3,0.4706569611187681
CUST-09467,Basic,startup,42.90977973185413,24.65,2,0.6979474079702034
CUST-09469,Enterprise,enterprise,53.71296549317564,199.0,9,0.44840283854894825
CUST-09494,Enterprise,startup,85.57501960111976,159.20000000000002,19,0.24110459697719366
CUST-09502,Basic,startup,66.28753665489657,24.0,7,0.6922385830083448
CUST-09505,Pro,smb,76.77084329595964,89.0,2,0.5452660926944884
CUST-09508,Pro,smb,24.469801552725915,59.25,4,0.5346072815018175
CUST-09522,Enterprise,smb,80.97819062142325,159.20000000000002,1,0.2496852423601189
CUST-09529,Pro,mid_market,60.688396498612526,69.0,13,0.5734865096128747
CUST-09537,Basic,mid_market,88.94001012852559,23.8,9,0.4439795292170695
CUST-09544,Pro,startup,51.16512899091772,51.75,23,0.4461161952564453
CUST-09586,Pro,smb,50.96529062385115,51.75,2,0.44669097671587366
CUST-09615,Basic,smb,46.2972814759254,16.799999999999997,1,0.5661554867955726
CUST-09626,Basic,startup,66.04783386430225,28.9,22,0.6284659749217949
CUST-09627,Enterprise,mid_market,70.29127846062488,134.25,8,0.23155992767202593
CUST-09644,Enterprise,mid_market,67.45420197200062,149.25,7,0.24658317410929975
CUST-09649,Enterprise,smb,76.55773801844444,179.0,2,0.3471287113195829
CUST-09673,Basic,smb,81.96153148332242,21.75,9,0.49668520425324547
CUST-09674,Pro,startup,49.18937527905424,79.2,3,0.5160997080277228
CUST-09697,Basic,startup,9.683842358472509,24.65,11,0.7987099002026505
CUST-09706,Pro,mid_market,55.05774983006335,69.0,1,0.591526344105961
CUST-09710,Pro,smb,92.0112837613572,55.2,14,0.3699185438511525
CUST-09717,Pro,mid_market,91.92060532696108,69.0,24,0.47670887297147646
CUST-09725,Basic,startup,32.691451062698675,31.200000000000003,2,0.7010473724250794
CUST-09738,Pro,enterprise,55.41278378546092,75.64999999999999,20,0.5535606582272019
CUST-09751,Enterprise,enterprise,61.694843883875365,159.20000000000002,5,0.30560115473803295
CUST-09763,Basic,startup,45.99377435675813,29.0,5,0.7608972067670317
CUST-09799,Enterprise,smb,92.4474090496238,199.0,8,0.3263101832645473
CUST-09808,Basic,startup,95.19371446448424,24.0,4,0.59912965973132
CUST-09816,Enterprise,mid_market,48.43307487443297,149.25,1,0.28440449540679436
CUST-09823,Enterprise,mid_market,73.86976110542705,149.25,15,0.2347999064838987
CUST-09849,Basic,startup,9.630559650969325,24.0,7,0.8561018221121646
CUST-09852,Basic,startup,62.99045048727272,18.0,13,0.5513539893826653
CUST-09860,Basic,smb,64.26745397758354,25.5,8,0.5558392582381037
CUST-09865,Enterprise,enterprise,57.26366096912167,143.20000000000002,5,0.30267947629630887
CUST-09869,Enterprise,enterprise,72.09132179855551,149.25,7,0.2527314335226387
CUST-09882,Pro,smb,46.754665641346975,69.0,5,0.6182872952866074
CUST-09894,Basic,startup,72.07425866061953,25.5,9,0.5312880446662669
CUST-09912,Enterprise,mid_market,46.95351734145089,134.25,7,0.27627118789839766
CUST-09913,Enterprise,mid_market,83.3072544701664,125.3,19,0.186380077863891
CUST-09920,Pro,smb,59.97945241005475,59.25,2,0.4287185301891062
CUST-09965,Basic,startup,78.21011904321725,28.9,13,0.5892482553113885
CUST-09968,Pro,smb,40.61107207814111,99.0,6,0.6728984703201912
CUST-09972,Enterprise,mid_market,55.952449511203874,134.25,11,0.2582607081491146
CUST-09998,Basic,smb,55.961276586303065,29.25,7,0.5866289741068473
